A*01:01,0.0988
A*01:02,0.0020
A*01:03,0.0005
A*01:04,0
A*01:06,0.0002
A*01:07,0
A*01:08,0
A*01:09,0.0004
A*01:10,0
A*01:11,0
A*01:12,0
A*01:13,0
A*01:14,0
A*01:15,0
A*01:16,0
A*01:17,0
A*01:18,0
A*01:19,0
A*01:20,0
A*01:21,0
A*01:22,0
A*01:23,0.0019
A*01:24,0
A*01:25,0
A*01:26,0
A*01:27,0
A*01:28,0
A*01:29,0
A*01:30,0
A*01:31,0
A*01:32,0
A*01:33,0
A*01:34,0
A*01:35,0
A*01:36,0
A*01:37,0
A*01:38,0
A*01:39,0
A*01:40,0
A*01:41,0
A*01:42,0
A*01:43,0
A*01:44,0
A*01:45,0
A*01:46,0
A*01:47,0
A*01:48,0
A*01:49,0
A*01:50,0
A*01:51,0
A*02:01,0.0449
A*02:02,0.0031
A*02:03,0.0054
A*02:04,0.0033
A*02:05,0.0065
A*02:06,0.0108
A*02:07,0.0078
A*02:08,0.0001
A*02:09,0.0001
A*02:10,0.0002
A*02:101,0
A*02:102,0
A*02:103,0
A*02:104,0
A*02:105,0
A*02:106,0
A*02:107,0
A*02:108,0
A*02:109,0
A*02:11,0.0011
A*02:110,0
A*02:111,0
A*02:112,0
A*02:113,0
A*02:114,0
A*02:115,0
A*02:116,0
A*02:117,0
A*02:118,0
A*02:119,0
A*02:12,0.0012
A*02:120,0
A*02:121,0
A*02:122,0
A*02:123,0
A*02:124,0
A*02:125,0
A*02:126,0
A*02:127,0
A*02:128,0
A*02:129,0
A*02:13,0.0001
A*02:130,0
A*02:131,0
A*02:132,0
A*02:133,0
A*02:134,0
A*02:135,0
A*02:136,0
A*02:137,0
A*02:138,0
A*02:139,0
A*02:14,0.0002
A*02:140,0
A*02:141,0
A*02:142,0
A*02:143,0
A*02:144,0
A*02:145,0
A*02:146,0
A*02:147,0
A*02:148,0
A*02:149,0
A*02:150,0
A*02:151,0
A*02:152,0
A*02:153,0
A*02:154,0
A*02:155,0
A*02:156,0
A*02:157,0
A*02:158,0
A*02:159,0
A*02:15,0
A*02:16,0.0001
A*02:160,0
A*02:161,0
A*02:162,0
A*02:163,0
A*02:164,0
A*02:165,0
A*02:166,0
A*02:167,0
A*02:168,0
A*02:169,0
A*02:17,0.0003
A*02:170,0
A*02:171,0
A*02:172,0
A*02:173,0
A*02:174,0
A*02:175,0
A*02:176,0
A*02:177,0
A*02:178,0
A*02:179,0
A*02:18,0
A*02:180,0
A*02:181,0
A*02:182,0
A*02:183,0
A*02:184,0
A*02:185,0
A*02:186,0
A*02:187,0
A*02:188,0
A*02:189,0
A*02:19,0.0004
A*02:190,0
A*02:191,0
A*02:192,0
A*02:193,0
A*02:194,0
A*02:195,0
A*02:196,0
A*02:197,0
A*02:198,0
A*02:199,0
A*02:20,0.0001
A*02:21,0
A*02:22,0.0003
A*02:24,0.0002
A*02:25,0
A*02:26,0
A*02:27,0
A*02:28,0
A*02:29,0
A*02:30,0.0001
A*02:31,0
A*02:32,0
A*02:33,0
A*02:34,0
A*02:35,0.0001
A*02:36,0.0001
A*02:37,0
A*02:38,0
A*02:39,0
A*02:40,0
A*02:41,0
A*02:42,0
A*02:43,0
A*02:44,0
A*02:45,0
A*02:46,0.0001
A*02:47,0
A*02:48,0
A*02:49,0
A*02:50,0
A*02:51,0
A*02:52,0
A*02:53,0
A*02:54,0
A*02:55,0
A*02:56,0
A*02:57,0
A*02:58,0
A*02:59,0
A*02:60,0
A*02:61,0
A*02:62,0
A*02:63,0
A*02:64,0
A*02:65,0
A*02:66,0
A*02:67,0.0003
A*02:68,0
A*02:69,0
A*02:70,0
A*02:71,0
A*02:72,0
A*02:73,0
A*02:74,0.0001
A*02:75,0
A*02:76,0
A*02:77,0
A*02:78,0
A*02:79,0
A*02:80,0
A*02:81,0
A*02:82,0
A*02:83,0
A*02:84,0
A*02:85,0
A*02:86,0
A*02:87,0
A*02:88,0
A*02:89,0
A*02:90,0.0012
A*02:91,0
A*02:92,0
A*02:93,0
A*02:94,0
A*02:95,0
A*02:96,0
A*02:97,0
A*02:99,0
A*03:01,0.0897
A*03:02,0.0032
A*03:03,0
A*03:04,0
A*03:05,0.0001
A*03:06,0
A*03:07,0.0001
A*03:08,0.0004
A*03:09,0
A*03:10,0.0003
A*03:11,0
A*03:12,0.0005
A*03:13,0
A*03:14,0
A*03:15,0
A*03:16,0
A*03:17,0
A*03:18,0
A*03:19,0
A*03:20,0
A*03:21,0
A*03:22,0
A*03:23,0
A*03:24,0
A*03:25,0.0009
A*03:26,0
A*03:27,0
A*03:28,0
A*03:29,0
A*03:30,0
A*03:31,0
A*03:32,0
A*03:33,0
A*03:34,0
A*03:35,0
A*03:36,0
A*03:37,0
A*03:38,0
A*03:39,0
A*03:40,0
A*03:41,0
A*03:42,0
A*03:43,0
A*03:44,0
A*03:45,0
A*03:46,0
A*03:47,0
A*03:48,0
A*03:49,0
A*03:50,0
A*03:51,0
A*03:52,0
A*03:53,0
A*03:54,0
A*03:55,0
A*03:56,0
A*03:57,0
A*03:58,0
A*03:59,0
A*03:60,0
A*03:61,0
A*03:62,0
A*03:63,0
A*03:64,0
A*03:65,0
A*03:66,0
A*03:67,0
A*03:68,0
A*03:69,0
A*03:70,0
A*03:71,0
A*03:72,0
A*03:73,0
A*03:74,0
A*11:01,0.0860
A*11:02,0.0062
A*11:03,0.0008
A*11:04,0.0005
A*11:05,0
A*11:06,0.0018
A*11:07,0
A*11:08,0
A*11:09,0
A*11:10,0.0029
A*11:11,0
A*11:12,0.0006
A*11:13,0.0003
A*11:14,0
A*11:15,0
A*11:16,0
A*11:17,0
A*11:18,0
A*11:19,0
A*11:20,0.0010
A*11:21,0
A*11:22,0
A*11:23,0
A*11:24,0
A*11:25,0
A*11:26,0
A*11:27,0
A*11:29,0
A*11:30,0
A*11:31,0
A*11:32,0
A*11:33,0
A*11:34,0
A*11:35,0
A*11:36,0
A*11:37,0
A*11:38,0
A*11:39,0
A*11:40,0
A*11:41,0
A*11:42,0
A*11:43,0
A*11:44,0
A*11:45,0
A*11:46,0
A*11:47,0
A*11:48,0
A*11:49,0
A*11:50,0
A*11:51,0
A*11:52,0
A*11:53,0
A*11:54,0
A*11:55,0
A*23:01,0.0306
A*23:02,0.0003
A*23:03,0.0003
A*23:04,0.0004
A*23:05,0.0003
A*23:06,0
A*23:07,0
A*23:08,0
A*23:09,0.0006
A*23:10,0
A*23:11,0
A*23:12,0
A*23:13,0
A*23:14,0
A*23:15,0
A*23:16,0
A*23:17,0
A*23:18,0
A*23:19,0
A*23:20,0
A*23:21,0
A*23:22,0
A*23:23,0
A*23:24,0
A*23:25,0
A*24:02,0.1106
A*24:03,0.0026
A*24:04,0.0009
A*24:05,0.0007
A*24:06,0.0006
A*24:07,0.0058
A*24:08,0.0006
A*24:09,0.0002
A*24:10,0.0014
A*24:11,0
A*24:13,0.0010
A*24:14,0.0002
A*24:15,0.0002
A*24:16,0.0009
A*24:17,0.0005
A*24:18,0.0003
A*24:19,0
A*24:20,0.0023
A*24:21,0.0006
A*24:22,0.0003
A*24:23,0.0048
A*24:24,0.0003
A*24:25,0.0006
A*24:26,0.0002
A*24:27,0.0003
A*24:28,0.0008
A*24:29,0.0002
A*24:30,0
A*24:31,0
A*24:32,0
A*24:33,0
A*24:34,0
A*24:35,0.0006
A*24:36,0
A*24:37,0
A*24:38,0
A*24:39,0
A*24:40,0
A*24:41,0
A*24:42,0
A*24:43,0
A*24:44,0
A*24:45,0
A*24:46,0.0018
A*24:47,0
A*24:48,0
A*24:49,0
A*24:50,0
A*24:51,0.0014
A*24:52,0
A*24:53,0
A*24:54,0
A*24:55,0
A*24:56,0.0001
A*24:57,0
A*24:58,0
A*24:59,0
A*24:60,0
A*24:61,0
A*24:62,0
A*24:63,0
A*24:64,0
A*24:66,0
A*24:67,0
A*24:68,0
A*24:69,0
A*24:70,0
A*24:71,0
A*24:72,0
A*24:73,0
A*24:74,0
A*24:75,0
A*24:76,0
A*24:77,0
A*24:78,0
A*24:79,0
A*24:80,0
A*24:81,0
A*24:82,0
A*24:83,0
A*24:84,0
A*24:85,0
A*24:86,0
A*24:87,0
A*24:88,0
A*24:89,0
A*24:90,0
A*24:91,0
A*24:92,0
A*24:93,0
A*24:94,0
A*24:95,0
A*24:96,0
A*24:97,0
A*24:98,0
A*24:99,0
A*25:01,0.0187
A*25:02,0.0021
A*25:03,0
A*25:04,0
A*25:05,0
A*25:06,0
A*25:07,0
A*25:08,0
A*25:09,0
A*25:10,0
A*25:11,0
A*26:01,0.0327
A*26:02,0.0008
A*26:03,0.0007
A*26:04,0
A*26:05,0.0008
A*26:06,0
A*26:07,0.0008
A*26:08,0.0018
A*26:09,0
A*26:10,0.0003
A*26:11,0.0013
A*26:12,0.0004
A*26:13,0
A*26:14,0.0002
A*26:15,0.0001
A*26:16,0.0005
A*26:17,0
A*26:18,0.0005
A*26:19,0
A*26:20,0
A*26:21,0
A*26:22,0
A*26:23,0
A*26:24,0
A*26:25,0
A*26:26,0
A*26:27,0
A*26:28,0
A*26:29,0
A*26:30,0
A*26:31,0
A*26:32,0
A*26:33,0
A*26:34,0
A*26:35,0
A*26:36,0
A*26:37,0
A*26:38,0
A*26:39,0
A*26:40,0
A*26:41,0
A*26:42,0
A*29:01,0.0042
A*29:02,0.0216
A*29:03,0.0001
A*29:04,0.0002
A*29:05,0
A*29:06,0
A*29:07,0
A*29:08,0
A*29:09,0
A*29:10,0.0001
A*29:11,0
A*29:12,0
A*29:13,0
A*29:14,0
A*29:15,0
A*29:16,0
A*29:17,0
A*29:18,0
A*29:19,0
A*29:20,0
A*29:21,0
A*29:22,0
A*30:01,0.0218
A*30:02,0.0135
A*30:03,0.0001
A*30:04,0.0027
A*30:06,0.0002
A*30:07,0
A*30:08,0.0005
A*30:09,0.0016
A*30:10,0.0005
A*30:11,0.0003
A*30:12,0.0003
A*30:13,0
A*30:14,0
A*30:15,0
A*30:16,0.0014
A*30:17,0
A*30:18,0
A*30:19,0
A*30:20,0
A*30:22,0
A*30:23,0
A*30:24,0
A*30:25,0
A*30:26,0
A*30:27,0
A*30:28,0
A*30:29,0
A*30:30,0
A*30:31,0
A*30:32,0
A*30:33,0
A*30:34,0
A*31:01,0.0300
A*31:02,0.0004
A*31:03,0.0029
A*31:04,0.0008
A*31:05,0.0003
A*31:06,0.0006
A*31:07,0
A*31:08,0.0002
A*31:09,0.0002
A*31:10,0
A*31:11,0
A*31:12,0.0001
A*31:13,0
A*31:14,0
A*31:15,0
A*31:16,0
A*31:17,0
A*31:18,0
A*31:19,0
A*31:20,0
A*31:21,0
A*31:22,0
A*31:23,0
A*31:24,0
A*31:25,0
A*31:26,0
A*31:27,0
A*31:28,0
A*32:01,0.0259
A*32:02,0.0004
A*32:03,0.0005
A*32:04,0.0008
A*32:05,0.0002
A*32:06,0.0003
A*32:07,0
A*32:08,0.0004
A*32:09,0
A*32:10,0
A*32:11,0
A*32:12,0
A*32:13,0
A*32:14,0
A*32:15,0
A*32:16,0
A*32:17,0
A*32:18,0
A*32:19,0
A*32:20,0
A*32:21,0
A*33:01,0.0099
A*33:03,0.0268
A*33:04,0.0002
A*33:05,0.0001
A*33:06,0
A*33:07,0
A*33:08,0
A*33:09,0
A*33:10,0
A*33:11,0
A*33:12,0
A*33:13,0
A*33:14,0
A*33:15,0
A*33:16,0
A*33:17,0
A*33:18,0
A*33:19,0
A*33:20,0
A*33:21,0
A*33:22,0
A*33:23,0
A*33:24,0
A*33:25,0
A*33:26,0
A*33:27,0
A*33:28,0
A*33:29,0
A*34:01,0.0045
A*34:02,0.0028
A*34:03,0.0001
A*34:04,0
A*34:05,0.0004
A*34:06,0
A*34:07,0
A*34:08,0
A*36:01,0.0036
A*36:02,0
A*36:03,0.0001
A*36:04,0
A*36:05,0
A*43:01,0.0004
A*66:01,0.0056
A*66:02,0.0006
A*66:03,0.0002
A*66:04,0
A*66:05,0
A*66:06,0
A*66:07,0
A*66:08,0
A*66:09,0
A*66:10,0
A*66:11,0
A*66:12,0
A*68:01,0.0279
A*68:02,0.0138
A*68:03,0.0037
A*68:04,0.0003
A*68:05,0.0009
A*68:06,0.0004
A*68:07,0
A*68:08,0.0001
A*68:09,0
A*68:10,0
A*68:11,0
A*68:12,0.0001
A*68:13,0.0001
A*68:14,0
A*68:15,0.0002
A*68:16,0.0002
A*68:17,0.0001
A*68:18,0
A*68:19,0
A*68:20,0
A*68:21,0
A*68:22,0
A*68:23,0.0006
A*68:24,0.0001
A*68:25,0
A*68:26,0
A*68:27,0
A*68:28,0
A*68:29,0
A*68:30,0
A*68:31,0
A*68:32,0
A*68:33,0
A*68:34,0
A*68:35,0
A*68:36,0
A*68:37,0
A*68:38,0
A*68:39,0
A*68:40,0
A*68:41,0
A*68:42,0
A*68:43,0
A*68:44,0
A*68:45,0
A*68:46,0
A*68:47,0
A*68:48,0
A*69:01,0.0013
A*74:01,0.0122
A*74:02,0.0005
A*74:03,0.0007
A*74:04,0.0002
A*74:05,0
A*74:06,0
A*74:07,0
A*74:08,0
A*74:09,0.0003
A*74:10,0
A*74:11,0.0003
A*74:12,0
A*74:13,0
A*74:14,0
A*80:01,0.0012
B*07:02,0.0759
B*07:03,0.0001
B*07:04,0.0014
B*07:05,0.0055
B*07:06,0.0004
B*07:07,0.0001
B*07:08,0.0003
B*07:09,0
B*07:10,0
B*07:11,0
B*07:12,0.0001
B*07:13,0.0002
B*07:14,0.0001
B*07:15,0
B*07:16,0
B*07:17,0.0002
B*07:18,0
B*07:19,0
B*07:20,0.0002
B*07:21,0
B*07:22,0.0002
B*07:23,0
B*07:24,0
B*07:25,0
B*07:26,0
B*07:27,0
B*07:28,0
B*07:29,0
B*07:30,0
B*07:31,0
B*07:32,0
B*07:33,0.0008
B*07:34,0
B*07:35,0
B*07:36,0.0004
B*07:37,0
B*07:38,0
B*07:39,0
B*07:40,0
B*07:41,0
B*07:42,0
B*07:43,0
B*07:44,0
B*07:45,0
B*07:46,0
B*07:47,0.0001
B*07:48,0
B*07:49,0
B*07:50,0
B*07:51,0
B*07:52,0
B*07:53,0
B*07:54,0
B*07:55,0
B*07:56,0
B*07:57,0
B*07:58,0
B*07:59,0
B*07:60,0
B*07:61,0
B*07:62,0
B*07:63,0
B*07:64,0
B*07:65,0
B*07:66,0
B*07:67,0
B*07:68,0
B*07:69,0
B*07:70,0
B*07:71,0
B*07:72,0
B*07:73,0
B*07:74,0
B*07:75,0
B*07:76,0
B*07:77,0
B*07:78,0
B*07:79,0
B*07:80,0
B*07:81,0
B*07:82,0
B*07:83,0
B*07:84,0
B*07:85,0
B*07:86,0
B*07:87,0
B*07:88,0
B*07:89,0
B*07:90,0
B*07:91,0
B*07:92,0
B*07:93,0
B*07:94,0
B*07:95,0
B*07:96,0
B*07:97,0
B*07:98,0
B*07:99,0
B*08:01,0.0710
B*08:02,0.0008
B*08:03,0.0008
B*08:04,0.0004
B*08:05,0.0010
B*08:06,0.0003
B*08:07,0
B*08:08,0
B*08:09,0.0002
B*08:10,0
B*08:11,0
B*08:12,0.0003
B*08:13,0
B*08:14,0
B*08:15,0
B*08:16,0
B*08:17,0
B*08:18,0
B*08:19,0
B*08:20,0
B*08:21,0
B*08:22,0
B*08:23,0
B*08:24,0
B*08:25,0
B*08:26,0
B*08:27,0
B*08:28,0
B*08:29,0
B*08:30,0
B*08:31,0
B*08:32,0
B*08:33,0
B*08:34,0
B*08:35,0
B*08:36,0
B*08:37,0
B*08:38,0
B*08:39,0
B*08:40,0
B*08:41,0
B*08:42,0
B*08:43,0
B*08:44,0
B*08:45,0
B*08:46,0
B*08:47,0
B*08:48,0
B*08:49,0
B*08:50,0
B*08:51,0
B*08:52,0
B*08:53,0
B*08:54,0
B*13:01,0.0156
B*13:02,0.0326
B*13:03,0.0007
B*13:04,0.0005
B*13:06,0
B*13:07,0.0050
B*13:08,0
B*13:09,0.0005
B*13:10,0
B*13:11,0.0005
B*13:12,0
B*13:13,0.0004
B*13:14,0
B*13:15,0
B*13:16,0
B*13:17,0
B*13:18,0
B*13:19,0
B*13:20,0
B*13:21,0
B*13:22,0
B*13:23,0
B*13:25,0
B*13:26,0
B*13:27,0
B*13:28,0
B*13:29,0
B*13:30,0
B*13:31,0
B*13:32,0
B*13:33,0
B*13:34,0
B*13:35,0
B*13:36,0
B*14:01,0.0056
B*14:02,0.0189
B*14:03,0.0008
B*14:04,0.0012
B*14:05,0.0009
B*14:06,0.0003
B*14:07,0
B*14:08,0
B*14:09,0
B*14:10,0
B*14:11,0
B*14:12,0
B*14:13,0
B*14:14,0
B*14:15,0
B*14:16,0
B*14:17,0
B*14:18,0
B*15:01,0.0510
B*15:02,0.0161
B*15:03,0.0088
B*15:04,0.0013
B*15:05,0.0021
B*15:06,0.0056
B*15:07,0.0022
B*15:08,0.0010
B*15:09,0.0007
B*15:10,0.0046
B*15:101,0
B*15:102,0
B*15:103,0
B*15:104,0
B*15:105,0
B*15:106,0
B*15:107,0
B*15:108,0
B*15:109,0
B*15:11,0.0080
B*15:110,0
B*15:111,0
B*15:112,0
B*15:113,0
B*15:114,0
B*15:115,0
B*15:116,0
B*15:117,0
B*15:118,0
B*15:119,0
B*15:12,0.0017
B*15:120,0
B*15:121,0
B*15:122,0
B*15:123,0
B*15:124,0
B*15:125,0.0001
B*15:126,0
B*15:127,0
B*15:128,0
B*15:129,0
B*15:13,0.0050
B*15:131,0
B*15:132,0
B*15:133,0
B*15:134,0
B*15:135,0
B*15:136,0
B*15:137,0
B*15:138,0
B*15:139,0
B*15:14,0
B*15:140,0
B*15:141,0
B*15:142,0
B*15:143,0
B*15:144,0
B*15:145,0
B*15:146,0
B*15:147,0
B*15:148,0
B*15:149,0
B*15:15,0.0023
B*15:150,0
B*15:151,0
B*15:152,0
B*15:153,0
B*15:154,0
B*15:155,0
B*15:156,0
B*15:157,0
B*15:158,0
B*15:159,0
B*15:16,0.0027
B*15:160,0
B*15:161,0
B*15:162,0
B*15:163,0
B*15:164,0
B*15:165,0
B*15:166,0
B*15:167,0
B*15:168,0
B*15:169,0
B*15:17,0.0036
B*15:170,0
B*15:171,0
B*15:172,0
B*15:173,0
B*15:174,0
B*15:175,0
B*15:176,0
B*15:177,0
B*15:178,0
B*15:18,0.0055
B*15:181,0
B*15:182,0
B*15:183,0
B*15:184,0
B*15:185,0
B*15:186,0
B*15:19,0
B*15:20,0.0019
B*15:21,0.0069
B*15:22,0.0033
B*15:23,0.0002
B*15:24,0.0004
B*15:25,0.0104
B*15:26,0
B*15:27,0.0027
B*15:28,0.0002
B*15:29,0.0001
B*15:30,0.0009
B*15:31,0.0008
B*15:32,0.0025
B*15:33,0.0001
B*15:34,0.0002
B*15:35,0.0009
B*15:36,0.0011
B*15:37,0.0006
B*15:38,0.0002
B*15:39,0.0004
B*15:40,0.0002
B*15:42,0.0001
B*15:43,0
B*15:44,0
B*15:45,0
B*15:46,0.0015
B*15:47,0.0002
B*15:48,0.0002
B*15:49,0
B*15:50,0.0004
B*15:51,0
B*15:52,0.0001
B*15:53,0.0005
B*15:54,0.0001
B*15:55,0
B*15:56,0.0002
B*15:57,0
B*15:58,0.0026
B*15:60,0
B*15:61,0.0001
B*15:62,0
B*15:63,0.0002
B*15:64,0
B*15:65,0
B*15:66,0
B*15:67,0.0006
B*15:68,0.0003
B*15:69,0
B*15:70,0.0014
B*15:71,0.0013
B*15:72,0
B*15:73,0
B*15:74,0
B*15:75,0
B*15:76,0
B*15:77,0
B*15:78,0
B*15:79,0
B*15:80,0
B*15:81,0
B*15:82,0
B*15:83,0
B*15:84,0
B*15:85,0
B*15:86,0.0004
B*15:87,0
B*15:88,0
B*15:89,0
B*15:90,0
B*15:91,0
B*15:92,0
B*15:93,0
B*15:94,0
B*15:95,0
B*15:96,0
B*15:97,0
B*15:98,0
B*15:99,0
B*18:01,0.0485
B*18:02,0.0009
B*18:03,0.0018
B*18:04,0
B*18:05,0.0001
B*18:06,0.0002
B*18:07,0.0016
B*18:08,0
B*18:09,0
B*18:10,0
B*18:11,0.0002
B*18:12,0
B*18:13,0
B*18:14,0
B*18:15,0
B*18:17,0
B*18:18,0
B*18:19,0
B*18:20,0
B*18:21,0
B*18:22,0
B*18:23,0
B*18:24,0
B*18:25,0
B*18:26,0
B*18:27,0
B*18:28,0.0001
B*18:29,0
B*18:30,0
B*18:31,0
B*18:32,0
B*18:33,0
B*18:34,0
B*18:35,0
B*18:36,0
B*18:37,0
B*18:38,0
B*18:39,0
B*18:40,0
B*18:41,0
B*18:42,0
B*18:43,0
B*18:44,0
B*18:45,0
B*18:46,0
B*18:47,0
B*27:01,0.0001
B*27:02,0.0104
B*27:03,0.0016
B*27:04,0.0051
B*27:05,0.0294
B*27:06,0.0024
B*27:07,0.0005
B*27:08,0.0001
B*27:09,0.0001
B*27:10,0
B*27:11,0.0002
B*27:12,0.0001
B*27:13,0.0003
B*27:14,0.0001
B*27:15,0
B*27:16,0
B*27:17,0
B*27:18,0
B*27:19,0
B*27:20,0
B*27:21,0.0002
B*27:23,0
B*27:24,0
B*27:25,0
B*27:26,0
B*27:27,0
B*27:28,0
B*27:29,0
B*27:30,0
B*27:31,0
B*27:32,0
B*27:33,0
B*27:34,0
B*27:35,0
B*27:36,0
B*27:37,0
B*27:38,0
B*27:39,0.0008
B*27:40,0
B*27:41,0
B*27:42,0
B*27:43,0
B*27:44,0
B*27:45,0
B*27:46,0
B*27:47,0
B*27:48,0
B*27:49,0
B*27:50,0
B*27:51,0
B*27:52,0
B*27:53,0
B*27:54,0
B*27:55,0
B*27:56,0
B*27:57,0
B*27:58,0
B*27:59,0
B*27:60,0
B*27:61,0
B*27:62,0
B*35:01,0.0537
B*35:02,0.0091
B*35:03,0.0222
B*35:04,0.0006
B*35:05,0.0070
B*35:06,0.0009
B*35:07,0
B*35:08,0.0046
B*35:09,0.0006
B*35:10,0.0002
B*35:11,0.0002
B*35:12,0.0065
B*35:13,0.0005
B*35:14,0.0007
B*35:15,0.0002
B*35:16,0.0003
B*35:17,0.0038
B*35:18,0.0008
B*35:19,0.0052
B*35:20,0.0012
B*35:21,0.0007
B*35:22,0.0002
B*35:23,0.0004
B*35:24,0.0004
B*35:25,0.0005
B*35:26,0
B*35:27,0.0020
B*35:28,0.0004
B*35:29,0
B*35:30,0.0002
B*35:31,0
B*35:32,0.0002
B*35:33,0.0001
B*35:34,0.0005
B*35:35,0
B*35:36,0
B*35:37,0
B*35:38,0
B*35:39,0
B*35:40,0
B*35:41,0
B*35:42,0
B*35:43,0.0025
B*35:44,0
B*35:45,0
B*35:46,0.0004
B*35:47,0
B*35:48,0
B*35:49,0
B*35:50,0
B*35:51,0.0007
B*35:52,0
B*35:53,0
B*35:54,0
B*35:55,0
B*35:56,0
B*35:57,0
B*35:58,0
B*35:59,0
B*35:60,0
B*35:61,0
B*35:62,0
B*35:63,0
B*35:64,0
B*35:65,0
B*35:66,0
B*35:67,0
B*35:68,0
B*35:69,0
B*35:70,0
B*35:71,0
B*35:72,0
B*35:74,0
B*35:75,0
B*35:76,0
B*35:77,0
B*35:78,0
B*35:79,0
B*35:80,0
B*35:81,0
B*35:82,0
B*35:83,0
B*35:84,0
B*35:85,0
B*35:86,0
B*35:87,0
B*35:88,0
B*35:89,0.0041
B*35:90,0
B*35:91,0
B*35:92,0
B*35:93,0
B*35:94,0
B*35:95,0
B*35:96,0
B*35:97,0
B*35:98,0
B*35:99,0
B*37:01,0.0112
B*37:02,0.0001
B*37:03,0
B*37:04,0
B*37:05,0.0003
B*37:06,0
B*37:07,0
B*37:08,0
B*37:09,0
B*37:10,0
B*37:11,0
B*37:12,0
B*37:13,0
B*37:14,0
B*37:15,0
B*37:16,0
B*37:17,0
B*37:18,0
B*37:19,0
B*37:20,0
B*37:21,0
B*38:01,0.0213
B*38:02,0.0075
B*38:03,0
B*38:04,0.0006
B*38:05,0.0004
B*38:06,0.0006
B*38:07,0
B*38:08,0
B*38:09,0
B*38:10,0
B*38:11,0
B*38:12,0
B*38:13,0
B*38:14,0
B*38:15,0
B*38:16,0
B*38:17,0
B*38:18,0
B*38:19,0
B*38:20,0
B*38:21,0
B*38:22,0
B*39:01,0.0173
B*39:02,0.0030
B*39:03,0.0023
B*39:04,0.0007
B*39:05,0.0040
B*39:06,0.0061
B*39:07,0.0007
B*39:08,0.0008
B*39:09,0.0033
B*39:10,0.0011
B*39:11,0.0003
B*39:12,0.0002
B*39:13,0.0001
B*39:14,0.0001
B*39:15,0.0005
B*39:16,0
B*39:17,0
B*39:18,0
B*39:19,0
B*39:20,0
B*39:22,0
B*39:23,0.0003
B*39:24,0.0006
B*39:25,0
B*39:26,0
B*39:27,0
B*39:28,0
B*39:29,0
B*39:30,0
B*39:31,0.0001
B*39:32,0
B*39:33,0
B*39:34,0
B*39:35,0
B*39:36,0
B*39:37,0
B*39:38,0
B*39:39,0
B*39:40,0
B*39:41,0
B*39:42,0
B*39:43,0
B*39:44,0
B*39:45,0
B*39:46,0
B*39:47,0
B*39:48,0
B*39:49,0
B*39:50,0
B*39:51,0
B*39:52,0
B*39:53,0
B*39:54,0
B*39:55,0
B*39:56,0
B*40:01,0.0516
B*40:02,0.0228
B*40:03,0.0003
B*40:04,0.0003
B*40:05,0.0016
B*40:06,0.0036
B*40:07,0
B*40:08,0.0002
B*40:09,0.0001
B*40:10,0.0003
B*40:11,0.0002
B*40:12,0.0002
B*40:13,0
B*40:14,0.0001
B*40:15,0
B*40:16,0.0001
B*40:18,0
B*40:19,0
B*40:20,0
B*40:21,0.0002
B*40:22,0
B*40:23,0.0002
B*40:24,0
B*40:25,0
B*40:26,0
B*40:27,0.0001
B*40:28,0
B*40:29,0
B*40:30,0
B*40:31,0.0005
B*40:32,0
B*40:33,0
B*40:34,0
B*40:35,0.0003
B*40:36,0.0006
B*40:37,0.0003
B*40:38,0.0006
B*40:39,0.0008
B*40:40,0.0001
B*40:42,0.0002
B*40:43,0
B*40:44,0.0004
B*40:45,0
B*40:46,0
B*40:47,0
B*40:48,0
B*40:49,0.0011
B*40:50,0.0001
B*40:51,0
B*40:52,0.0018
B*40:53,0
B*40:54,0
B*40:55,0
B*40:56,0
B*40:57,0
B*40:58,0
B*40:59,0
B*40:60,0
B*40:61,0
B*40:62,0
B*40:63,0
B*40:64,0
B*40:65,0
B*40:66,0
B*40:67,0
B*40:68,0
B*40:69,0
B*40:70,0
B*40:71,0
B*40:72,0
B*40:73,0
B*40:74,0
B*40:75,0
B*40:76,0
B*40:77,0
B*40:78,0
B*40:79,0
B*40:80,0
B*40:81,0
B*40:82,0
B*40:83,0
B*40:84,0
B*40:85,0
B*40:86,0
B*40:87,0
B*40:88,0
B*40:89,0
B*40:90,0
B*40:91,0
B*40:92,0
B*40:93,0
B*40:94,0
B*40:95,0
B*40:96,0
B*40:97,0
B*40:98,0
B*40:99,0
B*41:01,0.0054
B*41:02,0.0078
B*41:03,0.0002
B*41:04,0
B*41:05,0
B*41:06,0
B*41:07,0
B*41:08,0
B*41:09,0
B*41:10,0
B*41:11,0
B*41:12,0
B*42:01,0.0073
B*42:02,0.0010
B*42:04,0
B*42:05,0
B*42:06,0
B*42:07,0
B*42:08,0
B*42:09,0
B*42:10,0
B*42:11,0
B*42:12,0
B*42:13,0
B*44:02,0.0494
B*44:03,0.0391
B*44:04,0.0005
B*44:05,0.0048
B*44:06,0.0005
B*44:07,0.0017
B*44:08,0.0006
B*44:09,0.0002
B*44:10,0.0012
B*44:11,0
B*44:12,0.0002
B*44:13,0
B*44:14,0
B*44:15,0.0005
B*44:16,0
B*44:17,0
B*44:18,0.0002
B*44:19,0
B*44:20,0
B*44:21,0
B*44:22,0.0002
B*44:23,0
B*44:24,0
B*44:25,0
B*44:26,0.0003
B*44:27,0.0014
B*44:28,0
B*44:29,0.0001
B*44:30,0
B*44:31,0
B*44:32,0
B*44:33,0
B*44:34,0
B*44:35,0
B*44:36,0
B*44:37,0
B*44:38,0
B*44:39,0
B*44:40,0
B*44:41,0
B*44:42,0
B*44:43,0
B*44:44,0
B*44:45,0
B*44:46,0
B*44:47,0
B*44:48,0
B*44:49,0
B*44:50,0
B*44:51,0
B*44:52,0
B*44:53,0
B*44:54,0
B*44:55,0
B*44:56,0
B*44:57,0
B*44:58,0
B*44:59,0
B*44:60,0
B*44:61,0
B*44:62,0
B*44:63,0
B*44:64,0
B*44:65,0
B*44:66,0
B*44:67,0
B*44:68,0
B*44:69,0
B*44:70,0
B*44:71,0
B*44:72,0
B*44:73,0
B*44:74,0
B*44:75,0
B*44:76,0
B*44:77,0
B*44:78,0
B*44:79,0
B*44:80,0
B*44:81,0
B*44:82,0
B*44:83,0
B*44:84,0
B*44:85,0
B*44:86,0
B*44:87,0
B*44:88,0
B*44:89,0
B*44:90,0
B*44:91,0
B*44:92,0
B*44:93,0
B*44:94,0
B*44:95,0
B*44:96,0
B*44:97,0
B*44:98,0
B*44:99,0
B*45:01,0.0083
B*45:02,0
B*45:03,0
B*45:04,0
B*45:05,0
B*45:06,0
B*45:07,0
B*45:08,0
B*45:09,0
B*45:10,0
B*45:11,0
B*46:01,0.0201
B*46:02,0.0003
B*46:03,0
B*46:04,0
B*46:05,0
B*46:06,0
B*46:07,0
B*46:08,0
B*46:09,0
B*46:10,0
B*46:11,0
B*46:12,0
B*46:13,0
B*46:14,0
B*46:15,0
B*46:16,0
B*46:17,0
B*46:18,0
B*46:19,0
B*46:20,0
B*46:21,0
B*46:22,0
B*47:01,0.0025
B*47:02,0.0002
B*47:03,0.0015
B*47:04,0
B*47:05,0
B*48:01,0.0112
B*48:02,0.0006
B*48:03,0.0053
B*48:04,0.0002
B*48:05,0.0004
B*48:06,0.0002
B*48:07,0.0007
B*48:08,0.0007
B*48:09,0
B*48:10,0
B*48:11,0
B*48:12,0
B*48:13,0
B*48:14,0
B*48:15,0
B*48:16,0
B*48:17,0
B*48:18,0
B*48:19,0
B*48:20,0
B*48:21,0
B*49:01,0.0156
B*49:02,0.0002
B*49:03,0.0002
B*49:04,0
B*49:05,0
B*49:06,0
B*49:07,0
B*49:08,0
B*49:09,0
B*50:01,0.0111
B*50:02,0.0006
B*50:04,0.0003
B*50:05,0
B*50:06,0
B*50:07,0
B*50:08,0
B*50:09,0
B*51:01,0.0446
B*51:02,0.0076
B*51:03,0.0002
B*51:04,0.0008
B*51:05,0.0002
B*51:06,0.0013
B*51:07,0.0008
B*51:08,0.0011
B*51:09,0.0002
B*51:10,0.0011
B*51:11,0
B*51:12,0.0002
B*51:13,0.0001
B*51:14,0.0004
B*51:15,0.0001
B*51:16,0
B*51:17,0
B*51:18,0.0002
B*51:19,0
B*51:20,0
B*51:21,0.0002
B*51:22,0
B*51:23,0
B*51:24,0
B*51:26,0
B*51:27,0.0004
B*51:28,0
B*51:29,0
B*51:30,0
B*51:31,0.0004
B*51:32,0.0005
B*51:33,0.0040
B*51:34,0.0004
B*51:35,0
B*51:36,0
B*51:37,0.0001
B*51:38,0
B*51:39,0
B*51:40,0
B*51:41,0
B*51:42,0
B*51:43,0
B*51:44,0
B*51:45,0
B*51:46,0
B*51:48,0
B*51:49,0
B*51:50,0
B*51:51,0
B*51:52,0
B*51:53,0
B*51:54,0
B*51:55,0
B*51:56,0
B*51:57,0
B*51:58,0
B*51:59,0
B*51:60,0
B*51:61,0
B*51:62,0
B*51:63,0
B*51:64,0
B*51:65,0
B*51:66,0
B*51:67,0
B*51:68,0
B*51:69,0
B*51:70,0
B*51:71,0
B*51:72,0
B*51:73,0
B*51:74,0
B*51:75,0
B*51:76,0
B*51:77,0
B*51:78,0
B*51:79,0
B*51:80,0
B*51:81,0
B*51:82,0
B*51:83,0
B*51:84,0
B*51:85,0
B*51:86,0
B*51:87,0
B*51:88,0
B*51:89,0
B*52:01,0.0176
B*52:02,0.0002
B*52:03,0
B*52:04,0
B*52:05,0
B*52:06,0
B*52:07,0
B*52:08,0
B*52:09,0
B*52:10,0
B*52:11,0
B*52:12,0
B*52:13,0
B*52:14,0
B*52:15,0
B*52:16,0
B*52:17,0
B*52:18,0
B*52:19,0
B*53:01,0.0166
B*53:02,0.0008
B*53:03,0.0013
B*53:04,0.0003
B*53:05,0.0002
B*53:06,0
B*53:07,0.0002
B*53:08,0.0008
B*53:09,0
B*53:10,0
B*53:11,0
B*53:12,0
B*53:13,0
B*53:14,0
B*53:15,0
B*53:16,0
B*53:17,0
B*53:18,0
B*53:19,0
B*53:20,0
B*53:21,0
B*54:01,0.0073
B*54:02,0.0005
B*54:03,0
B*54:04,0
B*54:05,0
B*54:06,0
B*54:07,0
B*54:08,0
B*54:09,0
B*54:10,0
B*54:11,0
B*54:12,0
B*54:13,0
B*54:14,0
B*54:15,0
B*54:16,0
B*54:17,0
B*54:18,0
B*54:19,0
B*55:01,0.0113
B*55:02,0.0076
B*55:03,0.0002
B*55:04,0.0010
B*55:05,0
B*55:07,0.0007
B*55:08,0.0002
B*55:09,0
B*55:10,0.0004
B*55:11,0
B*55:12,0.0002
B*55:13,0
B*55:14,0
B*55:15,0
B*55:16,0.0004
B*55:17,0
B*55:18,0
B*55:19,0
B*55:20,0
B*55:21,0
B*55:22,0
B*55:23,0
B*55:24,0
B*55:25,0
B*55:26,0
B*55:27,0
B*55:28,0
B*55:29,0
B*55:30,0
B*55:31,0
B*55:32,0
B*55:33,0
B*55:34,0
B*55:35,0
B*55:36,0
B*55:37,0
B*55:38,0
B*55:39,0
B*56:01,0.0133
B*56:02,0.0066
B*56:03,0.0013
B*56:04,0.0008
B*56:05,0.0003
B*56:06,0.0002
B*56:07,0.0004
B*56:08,0
B*56:09,0
B*56:10,0
B*56:11,0.0003
B*56:12,0
B*56:13,0
B*56:14,0
B*56:15,0
B*56:16,0
B*56:17,0
B*56:18,0
B*56:19,0
B*56:20,0
B*56:21,0
B*56:22,0
B*56:23,0
B*56:24,0
B*56:25,0
B*56:26,0
B*56:27,0
B*57:01,0.0254
B*57:02,0.0009
B*57:03,0.0053
B*57:04,0.0010
B*57:05,0.0004
B*57:06,0.0002
B*57:07,0
B*57:08,0
B*57:09,0
B*57:10,0.0003
B*57:11,0
B*57:12,0
B*57:13,0
B*57:14,0
B*57:15,0
B*57:16,0
B*57:17,0
B*57:18,0
B*57:19,0
B*57:20,0
B*57:21,0
B*57:22,0
B*57:23,0
B*57:24,0
B*57:25,0
B*57:26,0
B*57:27,0
B*57:29,0
B*58:01,0.0226
B*58:02,0.0164
B*58:04,0
B*58:05,0
B*58:06,0.0002
B*58:07,0
B*58:08,0
B*58:09,0
B*58:10,0
B*58:11,0
B*58:12,0
B*58:13,0
B*58:14,0
B*58:15,0
B*58:16,0
B*58:17,0
B*58:18,0
B*58:19,0
B*58:20,0
B*58:21,0
B*58:22,0
B*58:23,0
B*58:24,0
B*58:25,0
B*58:26,0
B*58:27,0
B*58:28,0
B*59:01,0.0030
B*59:02,0
B*59:03,0
B*59:04,0
B*59:05,0
B*67:01,0.0014
B*67:02,0.0001
B*73:01,0.0006
B*78:01,0.0036
B*78:02,0.0001
B*78:03,0.0003
B*78:04,0
B*78:05,0.0003
B*78:06,0
B*81:01,0.0078
B*81:02,0.0007
B*81:03,0
B*81:04,0
B*82:01,0.0011
B*82:02,0.0011
B*82:03,0
B*83:01,0.0003
C*01:02,0.0609
C*01:03,0.0008
C*01:04,0.0006
C*01:05,0.0001
C*01:06,0.0005
C*01:07,0
C*01:08,0.0002
C*01:09,0
C*01:10,0.0001
C*01:11,0
C*01:12,0
C*01:13,0
C*01:14,0
C*01:15,0
C*01:16,0.0001
C*01:17,0
C*01:18,0.0001
C*01:19,0
C*01:20,0
C*01:21,0
C*01:22,0
C*01:23,0
C*01:24,0
C*01:25,0
C*01:26,0
C*01:27,0
C*01:28,0
C*01:29,0
C*01:30,0.0003
C*01:31,0
C*01:32,0
C*01:33,0
C*01:34,0
C*02:02,0.0473
C*02:03,0.0023
C*02:04,0.0006
C*02:05,0
C*02:06,0.0001
C*02:07,0
C*02:08,0
C*02:09,0.0123
C*02:10,0.0023
C*02:11,0
C*02:12,0
C*02:13,0
C*02:14,0.0001
C*02:15,0
C*02:16,0
C*02:17,0
C*02:18,0.0001
C*02:19,0
C*02:20,0
C*02:21,0
C*02:22,0
C*02:23,0
C*02:24,0
C*02:25,0
C*02:26,0
C*02:27,0
C*02:28,0
C*02:29,0
C*02:30,0
C*02:31,0
C*03:02,0.0168
C*03:03,0.0439
C*03:04,0.0691
C*03:05,0.0037
C*03:06,0.0029
C*03:07,0.0004
C*03:08,0.0001
C*03:09,0.0002
C*03:10,0.0002
C*03:11,0
C*03:12,0.0005
C*03:13,0.0003
C*03:14,0
C*03:15,0.0009
C*03:16,0.0038
C*03:17,0.0006
C*03:18,0
C*03:19,0
C*03:20,0
C*03:21,0
C*03:22,0
C*03:23,0
C*03:24,0
C*03:25,0
C*03:26,0
C*03:27,0
C*03:28,0
C*03:29,0
C*03:30,0
C*03:31,0
C*03:32,0
C*03:33,0
C*03:34,0
C*03:35,0
C*03:36,0.0001
C*03:37,0.0001
C*03:38,0
C*03:39,0
C*03:40,0
C*03:41,0
C*03:42,0
C*03:43,0
C*03:44,0
C*03:45,0
C*03:46,0
C*03:47,0
C*03:48,0
C*03:49,0
C*03:50,0
C*03:51,0
C*03:52,0
C*03:53,0
C*03:54,0
C*03:55,0
C*03:56,0
C*03:57,0
C*03:58,0
C*03:59,0
C*03:60,0
C*03:61,0
C*03:62,0
C*03:63,0
C*03:64,0
C*03:65,0
C*03:66,0
C*03:67,0
C*03:68,0
C*03:69,0
C*03:70,0
C*03:71,0
C*03:72,0
C*03:73,0
C*03:74,0
C*03:75,0
C*03:76,0
C*03:77,0
C*03:78,0
C*03:79,0
C*04:01,0.1139
C*04:03,0.0077
C*04:04,0.0020
C*04:05,0
C*04:06,0.0004
C*04:07,0.0011
C*04:08,0.0002
C*04:09,0
C*04:10,0.0005
C*04:11,0.0002
C*04:12,0
C*04:13,0.0002
C*04:14,0.0001
C*04:15,0.0002
C*04:16,0
C*04:17,0
C*04:18,0
C*04:19,0
C*04:20,0
C*04:23,0
C*04:24,0
C*04:25,0
C*04:26,0
C*04:27,0.0001
C*04:28,0
C*04:29,0
C*04:30,0
C*04:31,0
C*04:32,0
C*04:33,0
C*04:34,0
C*04:35,0
C*04:36,0
C*04:37,0
C*04:38,0
C*04:39,0
C*04:40,0
C*04:41,0
C*04:42,0
C*04:43,0
C*04:44,0
C*04:45,0
C*04:46,0
C*04:47,0
C*04:48,0
C*04:49,0
C*04:50,0
C*04:51,0
C*04:52,0
C*04:53,0
C*05:01,0.0452
C*05:02,0.0060
C*05:03,0.0002
C*05:04,0.0002
C*05:05,0
C*05:06,0
C*05:07,0
C*05:08,0
C*05:09,0.0002
C*05:10,0
C*05:11,0
C*05:12,0
C*05:13,0
C*05:14,0
C*05:15,0
C*05:16,0
C*05:17,0
C*05:18,0
C*05:19,0
C*05:20,0
C*05:21,0
C*05:22,0
C*05:23,0
C*05:24,0
C*05:25,0
C*05:26,0
C*05:27,0
C*05:28,0
C*05:29,0
C*05:30,0
C*05:31,0
C*05:32,0
C*05:33,0
C*05:34,0
C*06:02,0.0913
C*06:03,0.0003
C*06:04,0.0003
C*06:05,0
C*06:06,0.0003
C*06:07,0
C*06:08,0.0003
C*06:09,0.0001
C*06:10,0
C*06:11,0
C*06:12,0
C*06:13,0
C*06:14,0
C*06:15,0.0001
C*06:16,0
C*06:17,0
C*06:18,0
C*06:19,0
C*06:20,0
C*06:21,0
C*06:22,0
C*06:23,0
C*06:24,0.0003
C*06:25,0
C*06:26,0
C*06:27,0
C*06:28,0
C*06:29,0
C*07:01,0.1091
C*07:02,0.1233
C*07:03,0.0037
C*07:04,0.0186
C*07:05,0.0007
C*07:06,0.0023
C*07:07,0.0002
C*07:08,0.0006
C*07:09,0
C*07:10,0.0002
C*07:11,0
C*07:12,0
C*07:13,0.0004
C*07:14,0.0007
C*07:15,0
C*07:16,0
C*07:17,0.0005
C*07:18,0.0069
C*07:19,0
C*07:20,0
C*07:21,0
C*07:22,0.0001
C*07:23,0
C*07:24,0
C*07:25,0
C*07:26,0
C*07:27,0.0001
C*07:28,0
C*07:29,0.0018
C*07:30,0
C*07:31,0
C*07:32,0.0009
C*07:33,0
C*07:35,0.0002
C*07:36,0
C*07:37,0
C*07:38,0
C*07:39,0
C*07:40,0
C*07:41,0
C*07:42,0
C*07:43,0.0001
C*07:44,0
C*07:45,0
C*07:46,0
C*07:47,0
C*07:48,0
C*07:49,0
C*07:50,0
C*07:51,0
C*07:52,0
C*07:53,0
C*07:54,0
C*07:55,0
C*07:56,0.0005
C*07:57,0
C*07:58,0
C*07:59,0
C*07:60,0
C*07:61,0
C*07:62,0
C*07:63,0
C*07:64,0
C*07:65,0
C*07:66,0.0006
C*07:67,0.0003
C*07:68,0.0001
C*07:69,0
C*07:70,0
C*07:71,0
C*07:72,0
C*07:73,0
C*07:74,0
C*07:75,0
C*07:76,0
C*07:77,0
C*07:78,0
C*07:79,0
C*07:80,0
C*07:81,0
C*07:82,0
C*07:83,0
C*07:84,0
C*07:85,0
C*07:86,0
C*07:87,0
C*07:88,0
C*07:89,0
C*07:90,0
C*07:91,0
C*07:92,0
C*07:93,0
C*07:94,0
C*07:95,0
C*07:96,0
C*07:97,0
C*07:98,0
C*07:99,0
C*08:01,0.0262
C*08:02,0.0242
C*08:03,0.0030
C*08:04,0.0041
C*08:05,0.0003
C*08:06,0.0071
C*08:07,0
C*08:08,0
C*08:09,0
C*08:10,0
C*08:11,0.0001
C*08:12,0
C*08:13,0.0002
C*08:14,0
C*08:15,0
C*08:16,0
C*08:17,0
C*08:18,0
C*08:19,0
C*08:20,0.0003
C*08:21,0.0003
C*08:22,0
C*08:23,0
C*08:24,0
C*08:25,0
C*08:26,0
C*08:27,0.0003
C*08:28,0
C*08:29,0
C*08:30,0
C*08:31,0
C*12:02,0.0190
C*12:03,0.0573
C*12:04,0.0004
C*12:05,0.0003
C*12:06,0
C*12:07,0.0005
C*12:08,0
C*12:09,0
C*12:10,0
C*12:11,0
C*12:12,0
C*12:13,0
C*12:14,0
C*12:15,0
C*12:16,0.0004
C*12:17,0
C*12:18,0
C*12:19,0
C*12:20,0
C*12:21,0
C*12:22,0
C*12:23,0
C*12:24,0
C*12:25,0
C*12:26,0
C*12:27,0
C*12:28,0
C*12:29,0
C*12:30,0
C*12:31,0
C*13:01,0.0003
C*14:02,0.0166
C*14:03,0.0049
C*14:04,0.0001
C*14:05,0
C*14:06,0.0001
C*14:07,0
C*14:08,0
C*14:09,0
C*14:10,0
C*14:11,0
C*14:12,0
C*14:13,0
C*14:14,0
C*14:15,0
C*15:02,0.0246
C*15:03,0.0012
C*15:04,0.0011
C*15:05,0.0054
C*15:06,0.0001
C*15:07,0.0029
C*15:08,0.0007
C*15:09,0.0008
C*15:10,0
C*15:11,0
C*15:12,0
C*15:13,0.0005
C*15:14,0
C*15:15,0
C*15:16,0
C*15:17,0.0003
C*15:18,0
C*15:19,0.0001
C*15:20,0.0001
C*15:21,0
C*15:22,0
C*15:23,0
C*15:24,0
C*15:25,0
C*15:26,0
C*16:01,0.0271
C*16:02,0.0048
C*16:04,0.0016
C*16:06,0
C*16:07,0
C*16:08,0.0002
C*16:09,0.0070
C*16:10,0
C*16:11,0
C*16:12,0
C*16:13,0
C*16:14,0
C*16:15,0
C*16:16,0
C*16:17,0
C*16:18,0
C*16:19,0
C*17:01,0.0188
C*17:02,0.0005
C*17:03,0.0054
C*17:04,0.0002
C*17:05,0
C*17:06,0
C*18:01,0.0041
C*18:02,0.0002
C*18:03,0.0001
E*01:01,0.5032
E*01:03,0.2542
E*01:04,0.0344
G*01:01,0.1555
G*01:02,0.0032
G*01:03,0.1151
G*01:04,0.1253
G*01:05,0.0484
G*01:06,0.0411
G*01:07,0
DMA*01:01,0.8418
DMA*01:02,0.1094
DMA*01:03,0.0231
DMA*01:04,0.0235
DMB*01:01,0.7875
DMB*01:02,0.0526
DMB*01:03,0.1533
DMB*01:04,0.0118
DMB*01:05,0.0115
DPA1*01:03,0.3899
DPA1*01:04,0.0029
DPA1*01:05,0.0024
DPA1*01:06,0
DPA1*01:07,0.0012
DPA1*02:01,0.0754
DPA1*02:02,0.0968
DPA1*02:03,0.0012
DPA1*03:01,0.0525
DPA1*03:02,0.0027
DPA1*04:01,0.0062
DPB1*01:01,0.0520
DPB1*02:01,0.1460
DPB1*02:02,0.0203
DPB1*03:01,0.0845
DPB1*04:01,0.2399
DPB1*04:02,0.1418
DPB1*05:01,0.1489
DPB1*06:01,0.0117
DPB1*08:01,0.0017
DPB1*09:01,0.0224
DPB1*10:01,0.0145
DPB1*100:01,0.0027
DPB1*101:01,0.1770
DPB1*104:01,0.0020
DPB1*105:01,0.0010
DPB1*106:01,0.0100
DPB1*107:01,0.0233
DPB1*11:01,0.0142
DPB1*111:01,0.0040
DPB1*113:01,0.0080
DPB1*13:01,0.0386
DPB1*14:01,0.0335
DPB1*15:01,0.0078
DPB1*16:01,0.0050
DPB1*17:01,0.0219
DPB1*18:01,0.0157
DPB1*19:01,0.0061
DPB1*20:01,0.0049
DPB1*21:01,0.0081
DPB1*22:01,0.0073
DPB1*23:01,0.0053
DPB1*24:01,0.0008
DPB1*25:01,0.0013
DPB1*26:01,0.0044
DPB1*27:01,0.0036
DPB1*28:01,0.0139
DPB1*29:01,0.0017
DPB1*30:01,0.0043
DPB1*31:01,0.0035
DPB1*32:01,0.0014
DPB1*33:01,0.0027
DPB1*34:01,0.0021
DPB1*35:01,0.0033
DPB1*36:01,0.0012
DPB1*37:01,0.0012
DPB1*38:01,0.0016
DPB1*39:01,0.0030
DPB1*40:01,0.0028
DPB1*41:01,0.0025
DPB1*44:01,0.0007
DPB1*45:01,0.0006
DPB1*46:01,0.0006
DPB1*47:01,0.0002
DPB1*48:01,0.0022
DPB1*49:01,0.0032
DPB1*50:01,0.0012
DPB1*51:01,0.0038
DPB1*52:01,0.0003
DPB1*53:01,0
DPB1*54:01,0
DPB1*55:01,0.0023
DPB1*56:01,0.0014
DPB1*57:01,0.0006
DPB1*58:01,0
DPB1*59:01,0.0002
DPB1*60:01,0.0023
DPB1*61:01,0.0002
DPB1*62:01,0.0006
DPB1*63:01,0.0024
DPB1*64:01,0
DPB1*65:01,0.0010
DPB1*66:01,0.0007
DPB1*67:01,0.0003
DPB1*68:01,0.0011
DPB1*69:01,0.0004
DPB1*70:01,0.0013
DPB1*71:01,0.0002
DPB1*72:01,0.0006
DPB1*73:01,0.0002
DPB1*74:01,0
DPB1*75:01,0.0007
DPB1*76:01,0.0035
DPB1*77:01,0.0049
DPB1*78:01,0
DPB1*79:01,0.0004
DPB1*80:01,0.0031
DPB1*81:01,0.0013
DPB1*82:01,0
DPB1*83:01,0
DPB1*84:01,0.0008
DPB1*85:01,0
DPB1*86:01,0
DPB1*87:01,0.0005
DPB1*88:01,0.0005
DPB1*89:01,0
DPB1*90:01,0
DPB1*91:01,0.0008
DPB1*92:01,0.0005
DPB1*93:01,0.0022
DPB1*94:01,0
DPB1*95:01,0
DPB1*96:01,0
DPB1*97:01,0
DPB1*98:01,0
DPB1*99:01,0.0007
DQA1*01:01,0.1133
DQA1*01:02,0.1380
DQA1*01:03,0.0832
DQA1*01:04,0.0400
DQA1*01:05,0.0139
DQA1*01:06,0
DQA1*01:07,0
DQA1*02:01,0.1028
DQA1*03:01,0.1675
DQA1*03:02,0.0365
DQA1*03:03,0.0420
DQA1*04:01,0.0514
DQA1*04:02,0.0044
DQA1*04:03,0
DQA1*04:04,0
DQA1*05:01,0.2119
DQA1*05:02,0.0069
DQA1*05:03,0.0061
DQA1*05:04,0.0001
DQA1*05:05,0.0985
DQA1*05:06,0.0007
DQA1*05:07,0.0041
DQA1*05:08,0.0055
DQA1*05:09,0
DQA1*05:10,0
DQA1*06:01,0.0201
DQA1*06:02,0.0007
DQB1*02:01,0.1346
DQB1*02:02,0.0705
DQB1*02:03,0.0018
DQB1*02:04,0
DQB1*02:05,0
DQB1*03:01,0.1959
DQB1*03:02,0.1079
DQB1*03:03,0.0564
DQB1*03:04,0.0036
DQB1*03:05,0.0034
DQB1*03:06,0.0002
DQB1*03:07,0.0006
DQB1*03:08,0
DQB1*03:09,0.0006
DQB1*03:10,0.0008
DQB1*03:11,0.0005
DQB1*03:12,0.0012
DQB1*03:13,0
DQB1*03:14,0
DQB1*03:15,0
DQB1*03:16,0
DQB1*03:17,0
DQB1*03:18,0
DQB1*03:19,0
DQB1*03:20,0
DQB1*03:21,0
DQB1*03:22,0
DQB1*03:23,0
DQB1*03:24,0
DQB1*03:25,0
DQB1*03:26,0
DQB1*04:01,0.0286
DQB1*04:02,0.0553
DQB1*04:03,0
DQB1*04:04,0
DQB1*05:01,0.0880
DQB1*05:02,0.0491
DQB1*05:03,0.0353
DQB1*05:04,0.0022
DQB1*05:05,0.0090
DQB1*06:01,0.0492
DQB1*06:02,0.0778
DQB1*06:03,0.0362
DQB1*06:04,0.0265
DQB1*06:05,0.0048
DQB1*06:06,0.0019
DQB1*06:07,0.0021
DQB1*06:08,0.0014
DQB1*06:09,0.0180
DQB1*06:10,0.0006
DQB1*06:11,0.0009
DQB1*06:12,0.0002
DQB1*06:13,0.0005
DQB1*06:14,0.0007
DQB1*06:15,0.0002
DQB1*06:16,0.0002
DQB1*06:17,0.0008
DQB1*06:18,0
DQB1*06:19,0.0007
DQB1*06:20,0.0022
DQB1*06:21,0
DQB1*06:22,0.0055
DQB1*06:23,0
DQB1*06:24,0
DQB1*06:25,0
DQB1*06:26,0
DQB1*06:27,0
DQB1*06:28,0
DQB1*06:29,0
DQB1*06:30,0
DQB1*06:31,0
DQB1*06:32,0
DQB1*06:33,0
DQB1*06:34,0
DQB1*06:35,0
DQB1*06:36,0
DQB1*06:37,0
DQB1*06:38,0
DQB1*06:39,0
DRB1*01:01,0.0473
DRB1*01:02,0.0093
DRB1*01:03,0.0092
DRB1*01:04,0.0001
DRB1*01:05,0
DRB1*01:06,0
DRB1*01:07,0
DRB1*01:08,0
DRB1*01:09,0
DRB1*01:10,0
DRB1*01:18,0
DRB1*03:01,0.0728
DRB1*03:02,0.0017
DRB1*03:03,0.0002
DRB1*03:04,0.0011
DRB1*03:05,0.0002
DRB1*03:06,0
DRB1*03:07,0.0001
DRB1*03:08,0
DRB1*03:09,0
DRB1*03:10,0
DRB1*03:11,0
DRB1*03:12,0
DRB1*03:13,0
DRB1*03:14,0
DRB1*03:15,0
DRB1*03:16,0
DRB1*03:17,0
DRB1*03:18,0
DRB1*03:19,0
DRB1*03:20,0
DRB1*03:21,0.0003
DRB1*03:22,0
DRB1*03:23,0
DRB1*03:24,0
DRB1*03:25,0
DRB1*03:26,0
DRB1*03:27,0
DRB1*03:28,0
DRB1*03:29,0
DRB1*03:30,0
DRB1*03:31,0
DRB1*03:32,0
DRB1*03:33,0
DRB1*03:34,0
DRB1*03:35,0
DRB1*03:36,0
DRB1*03:37,0
DRB1*03:38,0
DRB1*03:39,0
DRB1*03:40,0
DRB1*03:41,0
DRB1*03:42,0
DRB1*03:43,0
DRB1*04:01,0.0635
DRB1*04:02,0.0102
DRB1*04:03,0.0082
DRB1*04:04,0.0270
DRB1*04:05,0.0167
DRB1*04:06,0.0044
DRB1*04:07,0.0161
DRB1*04:08,0.0057
DRB1*04:09,0.0001
DRB1*04:10,0.0017
DRB1*04:11,0.0057
DRB1*04:12,0.0003
DRB1*04:13,0.0001
DRB1*04:14,0
DRB1*04:15,0
DRB1*04:16,0
DRB1*04:17,0.0004
DRB1*04:18,0
DRB1*04:19,0
DRB1*04:20,0.0001
DRB1*04:21,0
DRB1*04:22,0
DRB1*04:23,0
DRB1*04:24,0
DRB1*04:25,0
DRB1*04:26,0
DRB1*04:27,0
DRB1*04:28,0
DRB1*04:29,0
DRB1*04:30,0
DRB1*04:31,0
DRB1*04:32,0.0003
DRB1*04:33,0
DRB1*04:34,0.0002
DRB1*04:35,0
DRB1*04:36,0.0001
DRB1*04:37,0
DRB1*04:38,0.0004
DRB1*04:39,0
DRB1*04:40,0
DRB1*04:41,0.0002
DRB1*04:42,0.0002
DRB1*04:43,0
DRB1*04:44,0
DRB1*04:45,0
DRB1*04:46,0
DRB1*04:47,0
DRB1*04:48,0
DRB1*04:49,0
DRB1*04:50,0
DRB1*04:51,0.0009
DRB1*04:52,0
DRB1*04:53,0
DRB1*04:54,0
DRB1*04:55,0
DRB1*04:56,0
DRB1*04:57,0
DRB1*04:58,0
DRB1*04:59,0
DRB1*04:60,0
DRB1*04:61,0
DRB1*04:62,0
DRB1*04:63,0
DRB1*04:64,0
DRB1*04:65,0
DRB1*04:66,0
DRB1*04:67,0
DRB1*04:68,0
DRB1*04:69,0
DRB1*04:70,0
DRB1*04:71,0
DRB1*04:72,0
DRB1*04:73,0
DRB1*04:74,0
DRB1*04:75,0
DRB1*04:76,0
DRB1*04:77,0
DRB1*04:78,0
DRB1*07:01,0.1047
DRB1*07:03,0.0001
DRB1*07:04,0.0057
DRB1*07:05,0.0002
DRB1*07:06,0.0002
DRB1*07:07,0.0002
DRB1*07:08,0.0012
DRB1*07:09,0
DRB1*07:10,0
DRB1*07:11,0
DRB1*07:12,0
DRB1*07:13,0
DRB1*07:14,0
DRB1*07:15,0
DRB1*07:16,0.0008
DRB1*07:17,0
DRB1*08:01,0.0153
DRB1*08:02,0.0055
DRB1*08:03,0.0089
DRB1*08:04,0.0016
DRB1*08:05,0.0001
DRB1*08:06,0.0003
DRB1*08:07,0.0009
DRB1*08:08,0.0001
DRB1*08:09,0.0002
DRB1*08:10,0.0001
DRB1*08:11,0.0005
DRB1*08:12,0.0001
DRB1*08:13,0
DRB1*08:14,0
DRB1*08:15,0
DRB1*08:16,0
DRB1*08:17,0
DRB1*08:18,0.0001
DRB1*08:19,0
DRB1*08:20,0
DRB1*08:21,0
DRB1*08:22,0
DRB1*08:23,0
DRB1*08:24,0
DRB1*08:25,0
DRB1*08:26,0
DRB1*08:27,0
DRB1*08:28,0
DRB1*08:29,0
DRB1*08:30,0
DRB1*08:31,0
DRB1*08:32,0
DRB1*08:33,0
DRB1*08:34,0
DRB1*08:35,0
DRB1*08:36,0
DRB1*09:01,0.0364
DRB1*09:02,0.0011
DRB1*09:03,0.0008
DRB1*09:04,0
DRB1*09:05,0
DRB1*09:06,0
DRB1*09:07,0
DRB1*09:08,0
DRB1*10:01,0.0144
DRB1*10:02,0
DRB1*10:03,0
DRB1*11:01,0.0588
DRB1*11:02,0.0053
DRB1*11:03,0.0060
DRB1*11:04,0.0278
DRB1*11:05,0.0001
DRB1*11:06,0.0007
DRB1*11:07,0.0002
DRB1*11:08,0.0001
DRB1*11:09,0
DRB1*11:10,0.0002
DRB1*11:11,0.0001
DRB1*11:12,0.0001
DRB1*11:13,0.0001
DRB1*11:14,0
DRB1*11:15,0
DRB1*11:16,0
DRB1*11:17,0
DRB1*11:18,0
DRB1*11:19,0
DRB1*11:20,0
DRB1*11:21,0
DRB1*11:22,0
DRB1*11:23,0
DRB1*11:24,0
DRB1*11:25,0
DRB1*11:26,0
DRB1*11:27,0
DRB1*11:28,0
DRB1*11:29,0.0001
DRB1*11:30,0.0001
DRB1*11:31,0
DRB1*11:32,0.0001
DRB1*11:33,0.0001
DRB1*11:34,0
DRB1*11:35,0
DRB1*11:36,0
DRB1*11:37,0.0002
DRB1*11:38,0
DRB1*11:39,0
DRB1*11:40,0.0004
DRB1*11:41,0
DRB1*11:42,0
DRB1*11:43,0.0001
DRB1*11:44,0
DRB1*11:45,0
DRB1*11:46,0
DRB1*11:47,0
DRB1*11:48,0
DRB1*11:49,0
DRB1*11:50,0
DRB1*11:51,0
DRB1*11:52,0
DRB1*11:53,0
DRB1*11:54,0
DRB1*11:55,0
DRB1*11:56,0
DRB1*11:57,0
DRB1*11:58,0
DRB1*11:59,0
DRB1*11:60,0
DRB1*11:61,0
DRB1*11:62,0
DRB1*11:63,0
DRB1*11:64,0
DRB1*11:65,0
DRB1*11:66,0
DRB1*11:67,0
DRB1*11:68,0
DRB1*11:69,0
DRB1*11:70,0
DRB1*11:72,0
DRB1*11:73,0
DRB1*12:01,0.0253
DRB1*12:02,0.0266
DRB1*12:03,0.0006
DRB1*12:04,0.0002
DRB1*12:05,0.0008
DRB1*12:06,0.0004
DRB1*12:07,0
DRB1*12:08,0.0001
DRB1*12:09,0.0010
DRB1*12:10,0
DRB1*12:11,0
DRB1*12:12,0
DRB1*12:13,0
DRB1*12:14,0
DRB1*12:15,0
DRB1*12:16,0
DRB1*12:17,0
DRB1*12:18,0
DRB1*12:19,0
DRB1*13:01,0.0498
DRB1*13:02,0.0378
DRB1*13:03,0.0135
DRB1*13:04,0.0015
DRB1*13:05,0.0021
DRB1*13:06,0
DRB1*13:07,0.0002
DRB1*13:08,0.0001
DRB1*13:09,0
DRB1*13:10,0.0001
DRB1*13:11,0.0001
DRB1*13:12,0.0005
DRB1*13:13,0.0001
DRB1*13:14,0
DRB1*13:15,0.0001
DRB1*13:16,0.0003
DRB1*13:17,0.0004
DRB1*13:18,0
DRB1*13:19,0
DRB1*13:20,0.0004
DRB1*13:21,0
DRB1*13:22,0
DRB1*13:23,0
DRB1*13:24,0
DRB1*13:25,0
DRB1*13:26,0
DRB1*13:27,0
DRB1*13:28,0
DRB1*13:29,0.0005
DRB1*13:30,0
DRB1*13:31,0.0002
DRB1*13:32,0
DRB1*13:33,0
DRB1*13:34,0.0002
DRB1*13:35,0
DRB1*13:36,0.0001
DRB1*13:37,0.0002
DRB1*13:38,0
DRB1*13:39,0.0002
DRB1*13:40,0
DRB1*13:41,0
DRB1*13:42,0.0002
DRB1*13:43,0
DRB1*13:44,0
DRB1*13:45,0
DRB1*13:46,0
DRB1*13:47,0
DRB1*13:48,0
DRB1*13:49,0
DRB1*13:50,0.0001
DRB1*13:51,0
DRB1*13:52,0
DRB1*13:53,0
DRB1*13:54,0
DRB1*13:55,0
DRB1*13:56,0
DRB1*13:57,0
DRB1*13:58,0
DRB1*13:59,0
DRB1*13:60,0
DRB1*13:61,0
DRB1*13:62,0
DRB1*13:63,0.0007
DRB1*13:64,0
DRB1*13:65,0
DRB1*13:66,0
DRB1*13:67,0
DRB1*13:68,0
DRB1*13:69,0
DRB1*13:70,0
DRB1*13:71,0
DRB1*13:72,0
DRB1*13:73,0
DRB1*13:74,0
DRB1*13:75,0
DRB1*13:76,0
DRB1*13:77,0
DRB1*13:78,0
DRB1*13:79,0
DRB1*13:80,0
DRB1*13:81,0
DRB1*13:82,0
DRB1*13:83,0
DRB1*13:84,0
DRB1*13:85,0
DRB1*13:86,0
DRB1*13:87,0
DRB1*13:88,0
DRB1*14:01,0.0197
DRB1*14:02,0.0101
DRB1*14:03,0.0015
DRB1*14:04,0.0031
DRB1*14:05,0.0014
DRB1*14:06,0.0035
DRB1*14:07,0.0006
DRB1*14:08,0.0020
DRB1*14:09,0.0002
DRB1*14:10,0.0002
DRB1*14:11,0
DRB1*14:12,0.0003
DRB1*14:13,0.0003
DRB1*14:14,0.0001
DRB1*14:15,0
DRB1*14:16,0
DRB1*14:17,0
DRB1*14:18,0.0001
DRB1*14:19,0
DRB1*14:20,0
DRB1*14:21,0
DRB1*14:22,0
DRB1*14:23,0
DRB1*14:24,0
DRB1*14:25,0
DRB1*14:26,0
DRB1*14:27,0
DRB1*14:28,0
DRB1*14:29,0
DRB1*14:30,0
DRB1*14:31,0
DRB1*14:32,0
DRB1*14:33,0
DRB1*14:34,0
DRB1*14:35,0
DRB1*14:36,0
DRB1*14:37,0
DRB1*14:38,0
DRB1*14:39,0
DRB1*14:40,0
DRB1*14:41,0
DRB1*14:42,0
DRB1*14:43,0
DRB1*14:44,0
DRB1*14:45,0
DRB1*14:46,0
DRB1*14:47,0
DRB1*14:48,0.0004
DRB1*14:49,0
DRB1*14:50,0
DRB1*14:51,0
DRB1*14:52,0
DRB1*14:53,0
DRB1*14:54,0.0280
DRB1*14:55,0
DRB1*14:56,0
DRB1*14:57,0
DRB1*14:58,0
DRB1*14:59,0
DRB1*14:60,0
DRB1*14:61,0
DRB1*14:62,0
DRB1*14:63,0
DRB1*14:64,0
DRB1*14:65,0
DRB1*14:67,0
DRB1*14:68,0
DRB1*14:69,0
DRB1*14:70,0
DRB1*14:71,0
DRB1*14:72,0
DRB1*14:73,0
DRB1*14:74,0
DRB1*14:75,0
DRB1*14:76,0
DRB1*14:77,0
DRB1*14:78,0
DRB1*14:79,0
DRB1*14:80,0
DRB1*14:81,0
DRB1*14:82,0
DRB1*14:83,0
DRB1*14:84,0
DRB1*14:85,0
DRB1*14:86,0
DRB1*15:01,0.0488
DRB1*15:02,0.0094
DRB1*15:03,0.0069
DRB1*15:04,0.0007
DRB1*15:05,0.0001
DRB1*15:06,0.0002
DRB1*15:07,0
DRB1*15:08,0
DRB1*15:09,0
DRB1*15:10,0
DRB1*15:11,0
DRB1*15:12,0
DRB1*15:13,0
DRB1*15:14,0
DRB1*15:15,0
DRB1*15:16,0
DRB1*15:19,0.0014
DRB1*16:01,0.0174
DRB1*16:02,0.0076
DRB1*16:03,0
DRB1*16:04,0
DRB1*16:05,0.0001
DRB1*16:07,0
DRB1*16:08,0
DRB1*16:09,0
DRB1*16:10,0
DRB1*16:11,0
DRB1*16:12,0
